Name,Number
Heather Contreras,+17406719313
Lisa Baker,+15343115395
Morgan Mcintyre,+19324842307
Andrew Watson,+11951717116
Andrew Garcia,+15592408064
Jean Duncan,+14507714020
Devin Watson,+15726337346
Kristin Owens,+12749611065
Sheri Atkinson,+16805517614
Kristopher Carlson,+17426853385
Joel Davis Jr.,+12169088054
Michelle Morgan,+16519566475
Jessica Hensley,+14308857487
Shelly Bell,+12218826043
Katrina Jones,+12969803684
Patrick Jacobs,+16206452969
Brandi Stokes,+16455665649
Daniel Haley,+18888295710
Timothy Andrews,+18294423740
Kevin King,+15076758417
Dr. Kimberly Thomas DDS,+15121378856
Sierra Vasquez,+13015355257
Jeffrey Espinoza,+12101645930
Madison King,+17853711538
Adrian Palmer,+11539616697
Bianca Jackson,+19408088272
Johnathan Rivera,+14823109326
Eric Smith,+19537295949
Tammy Evans,+19713446192
Krystal Silva,+11255196379
Alexandra Freeman,+18584115964
Nathaniel Neal,+18143036005
Denise Manning,+14041318841
Samantha Clark,+13044468155
Rebecca Sandoval,+19608303056
Aaron Chapman,+11375095589
Justin Meyers,+11967636055
Fernando Brooks,+16926587556
Andrew Vasquez,+16774724083
Margaret Patterson,+12721581224
Tony Keller,+18569954953
Mark Davis,+18565598668
Ellen Gomez,+13699127863
Sandra Martin,+14333326308
Vincent Foster,+19322956839
Matthew Palmer,+15426622799
Derek Baker,+14919228154
John Nelson,+18582988704
Chad James,+13201606979
Lisa Wyatt,+17279849944
